Time,Susceptible,Infected,Recovered
0.000000,42342078,323,23
0.010000,1313478,41028807,139
0.020000,0,1313478,41028946
0.030000,0,0,42342424
